<?xml version="1.0"?>
<!-- =========================================================================================================== -->
<!-- iodef.xml : Configuration file for production of output files using XIOS 2.0                                    -->
<!--             This file contains the context XIOS.                                                            -->
<!--             The model components context will be add automatically by the comp.driver                       -->
<!-- =========================================================================================================== -->

<simulation>

  <!-- =========================================================================================================== -->
  <!-- XIOS context                                                                                                -->
  <!-- =========================================================================================================== -->
  <context id="xios">

    <variable_definition>
	
	  <variable id="info_level"                type="int">1</variable>
	  <variable id="using_server"              type="bool">false</variable>
	  <variable id="using_oasis"               type="bool">false</variable>
	  <variable id="oasis_codes_id"            type="string" >oceanx</variable>
	
      </variable_definition>
               
  </context>

  <!-- =========================================================================================================== -->
  <!-- COMPONENT CONTEXT : the model components context will be add automatically by the comp.driver               -->
  
</simulation>
