<?xml version="1.0"?>
<!-- =========================================================================================================== -->
<!-- iodef.xml : Configuration file for production of output files using XIOS 1.0                                    -->
<!--             This file contains the context XIOS.                                                            -->
<!--             The model components context will be add automatically by the comp.driver                       -->
<!-- =========================================================================================================== -->

<simulation>

  <!-- =========================================================================================================== -->
  <!-- XIOS context                                                                                                -->
  <!-- =========================================================================================================== -->
  <context id="xios">

    <variable_definition>
	
     <!-- We must have buffer_size > jpi*jpj*jpk*8 (with jpi and jpj the subdomain size) -->
	  <variable id="buffer_size"               type="integer">15000000</variable>
	  <variable id="buffer_server_factor_size" type="integer">2</variable>
	  <variable id="info_level"                type="integer">1</variable>
	  <variable id="using_server"              type="boolean">false</variable>
	  <variable id="using_oasis"               type="boolean">false</variable>
	  <variable id="oasis_codes_id"            type="string" >oceanx</variable>
	
      </variable_definition>
               
  </context>

  <!-- =========================================================================================================== -->
  <!-- COMPONENT CONTEXT : the model components context will be add automatically by the comp.driver               -->
  
</simulation>
